Rewind10L_Static=,1,Rewind10L_Dynamic=,2.5,Rewind10R_Static=,1,Rewind10R_Dynamic=,2.5,Rewind11L_Static=,1.89999997615814,Rewind11L_Dynamic=,2.75,Rewind11R_Static=,1.89999997615814,Rewind11R_Dynamic=,2.75,Rewind12L_Static=,0.900000035762787,Rewind12R_Dynamic=,2,Rewind12L_Static=,0.900000035762787,Rewind12R_Dynamic=,2
Date,Time,Rewind10L_SpeedSet,Rewind10L_TorqueSet,Rewind10L_SpeedAct,Rewind10L_TorqueAct,Rewind10R_SpeedSet,Rewind10R_TorqueSet,Rewind10R_SpeedAct,Rewind10R_TorqueAct,Rewind11L_SpeedSet,Rewind11L_TorqueSet,Rewind11L_SpeedAct,Rewind11L_TorqueAct,Rewind11R_SpeedSet,Rewind11R_TorqueSet,Rewind11R_SpeedAct,Rewind11R_TorqueAct,Rewind12L_SpeedSet,Rewind12L_TorqueSet,Rewind12L_SpeedAct,Rewind12L_TorqueAct,Rewind12R_SpeedSet,Rewind12R_TorqueSet,Rewind12R_SpeedAct,Rewind12R_TorqueAct
07-12-2025,17:24:54,500,411,3,1070,500,411,3,580,500,494,6,20,500,494,0,640,500,328,-8,-30,500,328,-1,0
07-12-2025,17:24:54,500,411,3,1070,500,411,-4,580,500,494,6,20,500,494,-5,640,500,328,6,-30,500,328,2,0
07-12-2025,17:24:55,500,411,0,1070,500,411,1,580,500,494,-6,20,500,494,-3,640,500,328,-6,-30,500,328,-8,0
07-12-2025,17:24:55,500,411,-9,1070,500,411,7,580,500,494,-2,20,500,494,2,640,500,328,9,-30,500,328,4,0
07-12-2025,17:24:56,500,411,-2,1070,500,411,7,580,500,494,-3,20,500,494,-2,640,500,328,-9,-30,500,328,-1,0
07-12-2025,17:24:56,500,411,-6,1070,500,411,-2,580,500,494,5,20,500,494,-3,640,500,328,5,-30,500,328,0,0
07-12-2025,17:24:57,500,411,-2,1070,500,411,-4,580,500,494,2,20,500,494,2,640,500,328,13,-30,500,328,2,0
07-12-2025,17:24:57,500,411,-3,1070,500,411,7,580,500,494,-1,20,500,494,-1,640,500,328,2,-30,500,328,11,0
07-12-2025,17:24:58,500,411,-6,1070,500,411,-1,580,500,494,3,20,500,494,-3,640,500,328,2,-30,500,328,-7,0
07-12-2025,17:24:58,500,411,0,1070,500,411,4,580,500,494,5,20,500,494,2,640,500,328,-6,-30,500,328,1,0
07-12-2025,17:24:59,500,411,-10,1070,500,411,1,580,500,494,-5,20,500,494,-4,640,500,328,4,-30,500,328,1,0
07-12-2025,17:24:59,500,411,-2,1070,500,411,-4,580,500,494,2,20,500,494,6,640,500,328,0,-30,500,328,-4,0
07-12-2025,17:25:00,500,411,5,1070,500,411,-2,580,500,494,-1,20,500,494,3,640,500,328,0,-30,500,328,-5,0
07-12-2025,17:25:00,500,411,-4,1070,500,411,2,580,500,494,6,20,500,494,-3,640,500,328,1,-30,500,328,2,0
07-12-2025,17:25:01,500,411,2,1070,500,411,-4,580,500,494,-6,20,500,494,-1,640,500,328,-4,-30,500,328,1,0
07-12-2025,17:25:01,500,411,-5,1070,500,411,2,580,500,494,0,20,500,494,0,640,500,328,-2,-30,500,328,3,0
07-12-2025,17:25:02,500,411,-6,1070,500,411,4,580,500,494,6,20,500,494,-3,640,500,328,-6,-30,500,328,-9,0
07-12-2025,17:25:02,500,411,2,1070,500,411,-3,590,500,494,0,20,500,494,3,640,500,328,3,-30,500,328,3,0
07-12-2025,17:25:03,500,411,8,1070,500,411,5,590,500,494,-2,20,500,494,2,640,500,328,3,-30,500,328,0,0
07-12-2025,17:25:03,500,411,-8,1070,500,411,2,580,500,494,3,20,500,494,4,640,500,328,0,-30,500,328,-3,0
07-12-2025,17:25:04,500,411,-2,1070,500,411,0,590,500,494,4,20,500,494,9,640,500,328,-7,-30,500,328,2,0
07-12-2025,17:25:04,500,411,-2,1070,500,411,-2,590,500,494,-4,20,500,494,2,640,500,328,0,-30,500,328,-1,0
07-12-2025,17:25:05,500,411,-2,1070,500,411,6,590,500,494,-2,20,500,494,-4,640,500,328,-2,-30,500,328,-5,0
07-12-2025,17:25:05,500,411,2,1070,500,411,-3,590,500,494,-5,20,500,494,-3,640,500,328,-4,-30,500,328,-4,0
07-12-2025,17:25:06,500,411,-6,1070,500,411,-1,590,500,494,3,20,500,494,-3,640,500,328,1,-30,500,328,3,0
07-12-2025,17:25:06,500,411,-4,1070,500,411,-4,590,500,494,2,20,500,494,-7,640,500,328,4,-30,500,328,-1,0
07-12-2025,17:25:07,500,411,2,1070,500,411,-8,590,500,494,5,20,500,494,5,640,500,328,-6,-30,500,328,-4,0
07-12-2025,17:25:07,500,411,2,1070,500,411,-10,590,500,494,-3,20,500,494,3,640,500,328,-2,-30,500,328,3,0
07-12-2025,17:25:08,500,411,-2,1070,500,411,-7,590,500,494,0,20,500,494,-5,640,500,328,1,-30,500,328,-2,0
07-12-2025,17:25:08,500,411,3,1070,500,411,0,590,500,494,-3,20,500,494,3,640,500,328,-4,-30,500,328,3,0
07-12-2025,17:25:09,500,411,7,1070,500,411,-5,590,500,494,-2,20,500,494,0,640,500,328,-6,-30,500,328,6,0
07-12-2025,17:25:09,500,411,11,1070,500,411,7,590,500,494,-9,20,500,494,3,640,500,328,-1,-30,500,328,-3,0
07-12-2025,17:25:10,500,411,-1,1070,500,411,2,590,500,494,8,20,500,494,9,640,500,328,0,-30,500,328,-3,0
07-12-2025,17:25:10,500,411,1,1070,500,411,-2,590,500,494,-13,20,500,494,-3,640,500,328,1,-30,500,328,-3,0
07-12-2025,17:25:11,500,411,-1,1070,500,411,-1,590,500,494,3,20,500,494,7,640,500,328,0,-30,500,328,-10,0
07-12-2025,17:25:11,500,411,2,1070,500,411,-5,590,500,494,6,20,500,494,2,640,500,328,-10,-30,500,328,0,0
07-12-2025,17:25:12,500,411,-5,1070,500,411,13,590,500,494,1,20,500,494,5,640,500,328,-6,-30,500,328,5,0
07-12-2025,17:25:12,500,411,0,1070,500,411,1,590,500,494,1,20,500,494,-3,640,500,328,-2,-30,500,328,-2,0
07-12-2025,17:25:13,500,411,4,1070,500,411,-3,590,500,494,10,20,500,494,1,640,500,328,-4,-30,500,328,1,0
07-12-2025,17:25:13,500,411,-6,1070,500,411,2,590,500,494,-5,20,500,494,3,640,500,328,3,-30,500,328,-11,0
07-12-2025,17:25:14,500,411,4,1070,500,411,5,590,500,494,2,20,500,494,-3,640,500,328,6,-30,500,328,3,0
07-12-2025,17:25:14,500,411,-2,1070,500,411,-1,590,500,494,5,20,500,494,-3,640,500,328,4,-30,500,328,-2,0
07-12-2025,17:25:15,500,411,7,1070,500,411,1,590,500,494,-5,20,500,494,-2,640,500,328,5,-30,500,328,5,0
07-12-2025,17:25:15,500,416,-2,1070,500,416,1,590,500,498,4,20,500,498,-4,640,500,331,-2,-30,500,331,3,0
07-12-2025,17:25:16,500,439,4,1040,500,439,-2,750,500,514,-3,160,500,514,3,650,500,348,8,360,500,348,13,570
07-12-2025,17:25:16,500,458,5,0,500,458,-2,940,500,527,28,580,500,527,-7,670,500,362,19,400,500,362,9,590
07-12-2025,17:25:17,500,458,19,230,500,458,17,570,500,527,8,610,500,527,3,670,500,362,2,-80,500,362,0,50
07-12-2025,17:25:17,500,458,18,-60,500,458,13,100,500,527,4,-60,500,527,-2,670,500,362,3,-330,500,362,31,-190
07-12-2025,17:25:18,500,458,18,510,500,458,13,240,500,527,3,-30,500,527,6,670,500,362,21,490,500,362,25,850
07-12-2025,17:25:18,500,458,0,880,500,458,7,520,500,527,0,-20,500,527,2,670,500,362,34,560,500,362,20,680
07-12-2025,17:25:19,500,458,-3,840,500,458,-1,1100,500,527,2,-20,500,527,-3,670,500,362,19,680,500,362,12,280
07-12-2025,17:25:19,500,458,6,670,500,458,-6,1050,500,527,-2,-20,500,527,-2,670,500,362,8,770,500,362,0,690
07-12-2025,17:25:20,500,458,1,550,500,458,-3,990,500,527,0,-20,500,527,-1,670,500,362,6,800,500,362,-1,700
07-12-2025,17:25:20,500,458,-6,490,500,458,6,960,500,527,-2,-20,500,527,6,670,500,362,9,800,500,362,-3,700
07-12-2025,17:25:21,500,458,-6,490,500,458,-2,950,500,527,2,-20,500,527,-1,670,500,362,0,800,500,362,-6,700
07-12-2025,17:25:21,500,458,4,490,500,458,-1,950,500,527,-3,-10,500,527,-5,670,500,362,6,810,500,362,5,700
07-12-2025,17:25:22,502,465,2,490,502,465,2,950,502,534,8,0,502,534,2,670,502,369,-2,810,502,369,3,700
07-12-2025,17:25:22,513,466,0,490,513,466,1,920,513,535,0,10,513,535,4,690,513,369,3,820,513,369,-4,700
07-12-2025,17:25:23,524,466,14,490,524,466,18,340,524,535,3,760,524,535,2,690,524,370,14,-30,524,370,11,-160
07-12-2025,17:25:23,535,467,23,100,535,467,28,620,535,536,18,840,535,536,147,270,535,370,25,-130,535,370,39,910
07-12-2025,17:25:24,548,475,22,430,548,475,33,410,548,543,24,-70,548,543,14,910,548,378,41,790,548,378,37,310
07-12-2025,17:25:24,569,476,49,200,569,476,56,120,569,544,47,800,569,544,44,250,569,379,36,770,569,379,46,160
07-12-2025,17:25:25,591,477,53,320,591,477,63,510,591,545,76,300,591,545,64,670,591,379,69,200,591,379,72,220
07-12-2025,17:25:25,613,478,83,180,613,478,92,240,613,547,95,330,613,547,89,830,613,380,101,680,613,380,103,680
07-12-2025,17:25:26,635,479,100,200,635,479,87,420,635,548,109,720,635,548,101,270,635,381,108,410,635,381,101,200
07-12-2025,17:25:26,656,480,110,220,656,480,109,580,656,549,122,740,656,549,130,380,656,382,123,160,656,382,125,200
07-12-2025,17:25:27,678,481,137,680,678,481,138,290,678,550,133,700,678,550,138,720,678,383,140,380,678,383,153,610
07-12-2025,17:25:27,700,482,132,350,700,482,145,670,700,551,151,400,700,551,145,470,700,384,161,210,700,384,156,520
07-12-2025,17:25:28,721,483,169,340,721,483,167,590,721,552,174,410,721,552,198,630,721,384,185,310,721,384,179,250
07-12-2025,17:25:28,743,484,189,650,743,484,188,630,743,553,204,400,743,553,190,430,743,385,205,420,743,385,193,250
07-12-2025,17:25:29,764,485,200,350,764,485,208,580,764,554,228,680,764,554,240,510,764,386,209,510,764,386,230,460
07-12-2025,17:25:29,786,486,219,550,786,486,217,420,786,555,242,410,786,555,232,540,786,387,241,470,786,387,248,390
07-12-2025,17:25:30,808,487,234,380,808,487,242,390,808,556,263,620,808,556,256,620,808,388,259,310,808,388,267,500
07-12-2025,17:25:30,830,488,249,490,830,488,244,530,830,557,281,550,830,557,296,710,830,388,279,280,830,388,274,300
07-12-2025,17:25:31,851,489,267,610,851,489,269,540,851,558,289,660,851,558,301,520,851,389,295,440,851,389,293,440
07-12-2025,17:25:31,872,490,286,390,872,490,291,470,872,559,294,480,872,559,308,650,872,390,302,310,872,390,319,300
07-12-2025,17:25:32,883,484,301,370,883,484,297,430,883,552,328,470,883,552,329,520,883,383,330,320,883,383,333,340
07-12-2025,17:25:32,894,484,312,580,894,484,315,490,894,553,336,510,894,553,343,670,894,384,330,340,894,384,331,380
07-12-2025,17:25:33,905,485,314,460,905,485,317,400,905,553,352,470,905,553,347,450,905,384,352,480,905,384,334,470
07-12-2025,17:25:33,916,485,333,530,916,485,322,540,916,554,369,650,916,554,373,590,916,385,359,320,916,385,365,430
07-12-2025,17:25:34,915,478,333,390,915,478,330,400,915,547,366,600,915,547,349,520,915,377,358,310,915,377,359,290
07-12-2025,17:25:34,915,478,330,530,915,478,334,430,915,547,362,550,915,547,361,540,915,377,359,320,915,377,358,320
07-12-2025,17:25:35,915,478,336,370,915,478,331,380,915,547,362,480,915,547,353,530,915,378,383,450,915,378,376,320
07-12-2025,17:25:35,915,478,332,410,915,478,333,550,915,547,363,490,915,547,342,440,915,378,369,450,915,378,367,470
07-12-2025,17:25:36,923,486,328,560,923,486,332,400,923,555,353,630,923,555,360,530,923,385,349,310,923,385,364,390
07-12-2025,17:25:36,934,487,343,560,934,487,340,400,934,555,370,510,934,555,382,520,934,386,391,440,934,386,374,430
07-12-2025,17:25:37,945,487,350,460,945,487,348,410,945,556,374,470,945,556,388,540,945,386,376,440,945,386,373,440
07-12-2025,17:25:37,956,488,358,500,956,488,352,410,956,556,397,610,956,556,396,590,956,386,388,310,956,386,376,370
07-12-2025,17:25:38,966,488,370,460,966,488,368,450,966,557,389,510,966,557,398,540,966,387,413,370,966,387,407,290
07-12-2025,17:25:38,968,481,377,530,968,481,369,420,968,550,410,540,968,550,425,610,968,380,410,360,968,380,429,330
07-12-2025,17:25:39,968,481,376,440,968,481,375,510,968,550,401,650,968,550,403,560,968,380,421,450,968,380,402,310
07-12-2025,17:25:39,970,489,366,400,970,489,362,450,970,557,398,540,970,557,420,610,970,387,405,310,970,387,409,430
07-12-2025,17:25:40,970,482,376,580,970,482,375,400,970,550,415,500,970,550,409,570,970,380,412,430,970,380,409,310
07-12-2025,17:25:40,970,482,375,570,970,482,377,410,970,550,412,590,970,550,414,580,970,380,402,370,970,380,426,380
07-12-2025,17:25:41,972,489,383,500,972,489,377,460,972,557,412,470,972,557,416,650,972,388,400,370,972,388,401,280
07-12-2025,17:25:41,972,482,383,530,972,482,388,540,972,550,409,570,972,550,426,550,972,380,407,310,972,380,407,400
07-12-2025,17:25:42,972,482,376,450,972,482,387,400,972,550,410,520,972,550,417,470,972,380,411,430,972,380,407,370
07-12-2025,17:25:42,971,482,388,560,971,482,373,400,971,550,405,470,971,550,410,580,971,380,412,370,971,380,423,320
07-12-2025,17:25:43,973,482,388,480,973,482,377,500,973,550,421,550,973,550,428,640,973,381,417,310,973,381,420,460
07-12-2025,17:25:43,976,490,383,400,976,490,377,550,976,558,410,640,976,558,412,600,976,388,406,330,976,388,409,460
07-12-2025,17:25:44,976,483,370,420,976,483,383,550,976,551,408,530,976,551,401,480,976,381,417,440,976,381,414,400
07-12-2025,17:25:44,976,483,383,400,976,483,388,460,976,551,415,460,976,551,415,480,976,381,414,410,976,381,419,320
07-12-2025,17:25:45,975,483,375,440,975,483,375,410,975,551,417,580,975,551,414,650,975,381,410,320,975,381,410,450
07-12-2025,17:25:45,977,483,384,530,977,483,387,490,977,551,402,560,977,551,419,500,977,381,411,330,977,381,412,460
07-12-2025,17:25:46,977,483,376,390,977,483,387,500,977,551,398,550,977,551,404,610,977,381,425,350,977,381,432,440
07-12-2025,17:25:46,976,483,379,480,976,483,383,540,976,551,421,470,976,551,403,440,976,381,418,450,976,381,416,370
07-12-2025,17:25:47,979,483,368,480,979,483,389,420,979,551,426,530,979,551,419,450,979,381,414,450,979,381,408,310
07-12-2025,17:25:47,979,483,373,430,979,483,381,560,979,551,412,540,979,551,400,490,979,381,420,460,979,381,406,330
07-12-2025,17:25:48,981,484,374,520,981,484,390,420,981,552,409,460,981,552,416,420,981,382,410,370,981,382,419,430
07-12-2025,17:25:48,981,484,387,400,981,484,375,460,981,552,409,500,981,552,412,580,981,382,424,310,981,382,417,450
07-12-2025,17:25:49,980,484,375,440,980,484,379,460,980,552,423,500,980,552,397,470,980,382,412,310,980,382,416,460
07-12-2025,17:25:49,982,484,388,550,982,484,378,500,982,552,415,520,982,552,412,460,982,382,416,320,982,382,408,450
07-12-2025,17:25:50,984,484,388,430,984,484,391,550,984,552,414,570,984,552,414,420,984,382,424,430,984,382,426,310
07-12-2025,17:25:50,984,484,393,550,984,484,387,480,984,552,424,510,984,552,427,660,984,382,425,320,984,382,430,440
07-12-2025,17:25:51,984,484,394,570,984,484,392,490,984,552,417,560,984,552,438,630,984,382,426,370,984,382,420,320
07-12-2025,17:25:51,984,484,391,440,984,484,380,550,984,552,417,640,984,552,418,670,984,382,410,440,984,382,414,320
07-12-2025,17:25:52,986,485,396,580,986,485,384,490,986,552,409,520,986,552,419,660,986,382,418,310,986,382,414,450
07-12-2025,17:25:52,986,485,399,570,986,485,384,410,986,552,436,520,986,552,437,580,986,382,428,430,986,382,431,280
07-12-2025,17:25:53,988,485,383,430,988,485,383,570,988,552,425,600,988,552,425,570,988,382,410,430,988,382,404,330
07-12-2025,17:25:53,988,485,396,560,988,485,393,470,988,552,424,510,988,552,443,650,988,382,417,310,988,382,430,460
07-12-2025,17:25:54,990,485,383,560,990,485,399,480,990,553,429,580,990,553,424,640,990,383,430,410,990,383,408,360
07-12-2025,17:25:54,989,485,384,560,989,485,389,470,989,553,413,500,989,553,429,540,989,383,425,380,989,383,426,320
07-12-2025,17:25:55,989,485,391,490,989,485,383,400,989,553,432,630,989,553,468,590,989,383,430,320,989,383,431,440
07-12-2025,17:25:55,991,485,392,490,991,485,396,560,991,553,429,560,991,553,414,590,991,383,422,340,991,383,439,430
07-12-2025,17:25:56,991,486,392,410,991,486,393,570,991,553,423,470,991,553,421,560,991,383,421,450,991,383,434,320
07-12-2025,17:25:56,991,486,388,420,991,486,390,450,991,553,433,580,991,553,424,470,991,383,413,390,991,383,416,310
07-12-2025,17:25:57,993,486,394,420,993,486,397,440,993,553,427,530,993,553,417,570,993,383,411,320,993,383,426,470
07-12-2025,17:25:57,995,493,403,560,995,493,393,470,995,560,432,650,995,560,449,560,995,390,429,310,995,390,433,450
07-12-2025,17:25:58,995,486,405,410,995,486,403,510,995,553,434,600,995,553,416,550,995,383,439,410,995,383,453,370
07-12-2025,17:25:58,995,486,402,570,995,486,390,540,995,553,424,600,995,553,422,500,995,383,442,450,995,383,431,340
07-12-2025,17:25:59,994,486,389,560,994,486,404,410,994,553,428,590,994,553,417,590,994,383,420,370,994,383,426,330
07-12-2025,17:25:59,999,494,388,440,999,494,407,550,999,561,428,630,999,561,429,620,999,391,436,470,999,391,430,360
07-12-2025,17:26:00,998,487,403,570,998,487,393,430,998,554,428,570,998,554,432,560,998,384,439,400,998,384,443,340
07-12-2025,17:26:00,998,487,401,410,998,487,399,410,998,554,432,570,998,554,422,560,998,384,443,350,998,384,444,370
07-12-2025,17:26:01,998,487,391,420,998,487,402,530,998,554,418,480,998,554,400,430,998,384,426,440,998,384,428,350
07-12-2025,17:26:01,1000,487,405,540,1000,487,392,420,1000,554,429,540,1000,554,438,460,1000,384,429,360,1000,384,422,450
07-12-2025,17:26:02,1000,487,391,490,1000,487,388,550,1000,554,434,540,1000,554,448,640,1000,384,436,360,1000,384,442,420
07-12-2025,17:26:02,999,487,399,570,999,487,389,430,999,554,447,630,999,554,453,650,999,384,430,430,999,384,428,350
07-12-2025,17:26:03,1002,487,402,440,1002,487,403,450,1002,554,443,470,1002,554,439,570,1002,384,444,310,1002,384,441,430
07-12-2025,17:26:03,1004,495,402,500,1004,495,416,400,1004,562,441,640,1004,562,436,530,1004,392,431,320,1004,392,433,320
07-12-2025,17:26:04,1003,487,393,460,1003,487,403,400,1003,554,435,630,1003,554,449,540,1003,384,424,440,1003,384,434,410
07-12-2025,17:26:04,1003,488,400,440,1003,488,406,400,1003,555,444,490,1003,555,464,570,1003,385,429,380,1003,385,432,330
07-12-2025,17:26:05,1005,488,389,420,1005,488,401,410,1005,555,436,600,1005,555,429,510,1005,385,447,380,1005,385,441,450
07-12-2025,17:26:05,1005,488,402,420,1005,488,408,430,1005,555,442,510,1005,555,432,560,1005,385,441,380,1005,385,453,430
07-12-2025,17:26:06,1005,488,405,490,1005,488,401,410,1005,555,439,560,1005,555,440,630,1005,385,440,420,1005,385,449,450
07-12-2025,17:26:06,1007,488,399,550,1007,488,402,440,1007,555,420,500,1007,555,432,490,1007,385,442,450,1007,385,439,340
07-12-2025,17:26:07,1007,488,407,540,1007,488,407,430,1007,555,440,510,1007,555,428,590,1007,385,443,430,1007,385,450,330
07-12-2025,17:26:07,1009,496,404,560,1009,496,403,540,1009,562,437,490,1009,562,434,660,1009,392,439,420,1009,392,429,400
07-12-2025,17:26:08,1009,489,403,410,1009,489,405,470,1009,555,446,510,1009,555,445,650,1009,385,442,320,1009,385,446,290
07-12-2025,17:26:08,1008,489,405,460,1008,489,410,400,1008,555,445,530,1008,555,450,520,1008,385,424,330,1008,385,443,320
07-12-2025,17:26:09,1010,489,401,530,1010,489,410,430,1010,556,442,530,1010,556,461,530,1010,385,432,450,1010,385,436,330
07-12-2025,17:26:09,1010,489,399,540,1010,489,398,530,1010,556,438,590,1010,556,460,560,1010,385,447,420,1010,385,429,300
07-12-2025,17:26:10,1010,489,408,550,1010,489,395,550,1010,556,425,610,1010,556,467,640,1010,385,441,360,1010,385,441,320
07-12-2025,17:26:10,1012,489,393,410,1012,489,412,460,1012,556,446,540,1012,556,437,550,1012,386,450,390,1012,386,443,450
07-12-2025,17:26:11,1014,489,399,540,1014,489,410,450,1014,556,450,540,1014,556,441,580,1014,386,449,410,1014,386,452,450
07-12-2025,17:26:11,1014,489,401,410,1014,489,415,440,1014,556,449,610,1014,556,432,450,1014,386,452,410,1014,386,445,360
07-12-2025,17:26:12,1013,490,402,480,1013,490,408,540,1013,556,442,510,1013,556,436,470,1013,386,448,310,1013,386,443,400
07-12-2025,17:26:12,1015,490,415,560,1015,490,414,460,1015,556,443,500,1015,556,455,560,1015,386,445,350,1015,386,449,300
07-12-2025,17:26:13,1015,490,415,420,1015,490,419,460,1015,556,447,590,1015,556,439,470,1015,386,454,310,1015,386,443,340
07-12-2025,17:26:13,1015,490,410,540,1015,490,414,560,1015,556,449,480,1015,556,459,630,1015,386,450,370,1015,386,445,360
07-12-2025,17:26:14,1017,490,430,550,1017,490,432,470,1017,556,440,490,1017,556,441,510,1017,386,455,370,1017,386,448,340
07-12-2025,17:26:14,1019,497,423,500,1019,497,417,440,1019,564,447,600,1019,564,441,460,1019,394,446,320,1019,394,455,460
07-12-2025,17:26:15,1019,490,417,470,1019,490,409,430,1019,557,447,530,1019,557,453,450,1019,387,455,320,1019,387,440,350
07-12-2025,17:26:15,1019,490,410,450,1019,490,413,440,1019,557,449,500,1019,557,441,440,1019,387,453,380,1019,387,442,310
07-12-2025,17:26:16,1020,491,410,420,1020,491,414,440,1020,557,442,550,1020,557,453,570,1020,387,446,350,1020,387,455,380
07-12-2025,17:26:16,1020,491,408,410,1020,491,405,470,1020,557,456,510,1020,557,443,540,1020,387,457,410,1020,387,457,330
07-12-2025,17:26:17,1020,491,418,410,1020,491,420,490,1020,557,439,560,1020,557,448,650,1020,387,443,330,1020,387,443,330
07-12-2025,17:26:17,1023,491,421,430,1023,491,417,550,1023,557,446,560,1023,557,449,650,1023,387,436,430,1023,387,430,380
07-12-2025,17:26:18,1022,491,425,450,1022,491,418,530,1022,557,439,470,1022,557,457,490,1022,387,465,340,1022,387,459,420
07-12-2025,17:26:18,1024,491,409,430,1024,491,416,480,1024,557,458,570,1024,557,453,470,1024,387,454,430,1024,387,454,340
07-12-2025,17:26:19,1024,491,425,460,1024,491,425,440,1024,557,458,630,1024,557,443,520,1024,387,457,440,1024,387,467,310
07-12-2025,17:26:19,1023,491,428,490,1023,491,425,430,1023,558,466,600,1023,558,442,470,1023,387,461,420,1023,387,460,360
07-12-2025,17:26:20,1026,492,432,550,1026,492,428,560,1026,558,454,610,1026,558,462,590,1026,387,440,420,1026,387,452,370
07-12-2025,17:26:20,1026,492,425,440,1026,492,412,420,1026,558,461,590,1026,558,462,580,1026,387,464,320,1026,387,445,370
07-12-2025,17:26:21,1028,499,425,580,1028,499,421,480,1028,565,463,550,1028,565,452,540,1028,395,455,310,1028,395,447,390
07-12-2025,17:26:21,1027,492,417,410,1027,492,429,500,1027,558,465,540,1027,558,466,520,1027,388,472,390,1027,388,466,450
07-12-2025,17:26:22,1029,492,434,490,1029,492,412,420,1029,558,450,630,1029,558,449,520,1029,388,464,360,1029,388,449,410
07-12-2025,17:26:22,1029,492,425,520,1029,492,426,570,1029,558,452,480,1029,558,435,460,1029,388,459,420,1029,388,461,430
07-12-2025,17:26:23,1031,492,422,480,1031,492,424,440,1031,558,447,480,1031,558,443,460,1031,388,451,430,1031,388,460,320
07-12-2025,17:26:23,1031,492,422,420,1031,492,425,560,1031,558,439,580,1031,558,453,530,1031,388,464,330,1031,388,460,330
07-12-2025,17:26:24,1031,493,409,500,1031,493,438,440,1031,558,465,600,1031,558,472,600,1031,388,466,450,1031,388,451,400
07-12-2025,17:26:24,1033,493,414,410,1033,493,430,450,1033,559,456,520,1033,559,479,580,1033,388,460,330,1033,388,454,320
07-12-2025,17:26:25,1032,493,422,520,1032,493,434,560,1032,559,474,600,1032,559,467,550,1032,388,470,360,1032,388,451,430
07-12-2025,17:26:25,1034,493,418,530,1034,493,425,430,1034,559,468,500,1034,559,462,510,1034,389,473,430,1034,389,477,340
07-12-2025,17:26:26,1034,493,419,410,1034,493,426,470,1034,559,459,520,1034,559,454,460,1034,389,453,350,1034,389,455,380
07-12-2025,17:26:26,1036,501,428,450,1036,501,427,540,1036,566,462,490,1036,566,466,580,1036,396,467,320,1036,396,457,320
07-12-2025,17:26:27,1036,494,414,550,1036,494,431,550,1036,559,465,500,1036,559,449,520,1036,389,448,400,1036,389,467,430
07-12-2025,17:26:27,1036,494,429,560,1036,494,426,560,1036,559,464,640,1036,559,469,620,1036,389,470,320,1036,389,463,380
07-12-2025,17:26:28,1038,494,437,530,1038,494,420,490,1038,559,459,610,1038,559,469,580,1038,389,465,430,1038,389,465,340
07-12-2025,17:26:28,1039,501,421,550,1039,501,442,480,1039,567,474,510,1039,567,472,460,1039,396,473,420,1039,396,483,400
07-12-2025,17:26:29,1039,494,443,490,1039,494,433,530,1039,559,473,490,1039,559,481,570,1039,389,474,450,1039,389,475,360
07-12-2025,17:26:29,1039,494,432,440,1039,494,428,420,1039,560,479,520,1039,560,481,450,1039,389,459,450,1039,389,466,400
07-12-2025,17:26:30,1039,494,439,480,1039,494,433,450,1039,560,475,490,1039,560,457,590,1039,389,457,440,1039,389,461,380
07-12-2025,17:26:30,1041,494,426,440,1041,494,421,430,1041,560,469,510,1041,560,490,600,1041,389,465,400,1041,389,448,430
07-12-2025,17:26:31,1041,495,431,440,1041,495,440,420,1041,560,473,610,1041,560,460,640,1041,390,472,350,1041,390,458,430
07-12-2025,17:26:31,1043,502,434,560,1043,502,423,460,1043,567,486,600,1043,567,484,570,1043,397,475,340,1043,397,457,400
07-12-2025,17:26:32,1043,495,433,540,1043,495,437,560,1043,560,472,540,1043,560,451,560,1043,390,488,360,1043,390,476,350
07-12-2025,17:26:32,1044,495,429,420,1044,495,446,550,1044,560,468,550,1044,560,484,560,1044,390,468,330,1044,390,476,350
07-12-2025,17:26:33,1044,495,443,420,1044,495,435,440,1044,560,461,600,1044,560,470,550,1044,390,462,350,1044,390,469,380
07-12-2025,17:26:33,1046,495,431,560,1046,495,443,530,1046,560,488,620,1046,560,482,590,1046,390,473,390,1046,390,457,430
07-12-2025,17:26:34,1045,495,444,430,1045,495,433,430,1045,561,472,540,1045,561,493,680,1045,390,469,410,1045,390,472,320
07-12-2025,17:26:34,1045,495,449,460,1045,495,431,490,1045,561,484,560,1045,561,468,530,1045,390,478,370,1045,390,483,420
07-12-2025,17:26:35,1048,496,425,420,1048,496,459,540,1048,561,470,580,1048,561,463,610,1048,390,482,420,1048,390,482,400
07-12-2025,17:26:35,1050,496,439,480,1050,496,444,450,1050,561,472,510,1050,561,479,650,1050,391,484,360,1050,391,469,430
07-12-2025,17:26:36,1049,496,436,430,1049,496,450,420,1049,561,477,640,1049,561,479,650,1049,391,480,430,1049,391,488,330
07-12-2025,17:26:36,1049,496,437,520,1049,496,439,560,1049,561,470,520,1049,561,477,540,1049,391,473,330,1049,391,475,340
07-12-2025,17:26:37,1051,496,428,480,1051,496,434,450,1051,561,467,530,1051,561,498,490,1051,391,483,450,1051,391,473,460
07-12-2025,17:26:37,1050,496,433,530,1050,496,435,560,1050,561,473,590,1050,561,460,440,1050,391,470,340,1050,391,477,370
07-12-2025,17:26:38,1052,504,453,530,1052,504,442,540,1052,568,464,510,1052,568,475,510,1052,398,474,450,1052,398,472,360
07-12-2025,17:26:38,1052,497,463,440,1052,497,440,450,1052,561,487,630,1052,561,467,480,1052,391,482,350,1052,391,488,380
07-12-2025,17:26:39,1054,497,448,460,1054,497,449,470,1054,562,476,600,1054,562,481,540,1054,391,478,350,1054,391,464,390
07-12-2025,17:26:39,1054,497,447,460,1054,497,443,470,1054,562,471,550,1054,562,468,490,1054,391,492,330,1054,391,492,340
07-12-2025,17:26:40,1054,497,447,550,1054,497,438,490,1054,562,480,510,1054,562,468,580,1054,391,498,450,1054,391,488,340
07-12-2025,17:26:40,1056,497,436,580,1056,497,438,560,1056,562,482,570,1056,562,463,550,1056,392,483,400,1056,392,494,410
07-12-2025,17:26:41,1055,497,441,570,1055,497,449,560,1055,562,479,590,1055,562,483,530,1055,392,475,370,1055,392,476,370
07-12-2025,17:26:41,1057,504,437,410,1057,504,440,470,1057,569,479,640,1057,569,500,660,1057,399,493,400,1057,399,465,390
07-12-2025,17:26:42,1057,498,439,510,1057,498,453,550,1057,562,483,630,1057,562,485,600,1057,392,470,380,1057,392,477,460
07-12-2025,17:26:42,1059,498,445,430,1059,498,453,440,1059,562,486,610,1059,562,490,640,1059,392,496,450,1059,392,476,350
07-12-2025,17:26:43,1059,498,451,540,1059,498,445,550,1059,562,480,540,1059,562,479,470,1059,392,496,340,1059,392,499,360
07-12-2025,17:26:43,1059,498,450,430,1059,498,443,540,1059,562,490,530,1059,562,480,470,1059,392,494,340,1059,392,477,350
07-12-2025,17:26:44,1061,498,460,420,1061,498,451,430,1061,563,474,530,1061,563,489,620,1061,392,472,330,1061,392,474,380
07-12-2025,17:26:44,1062,505,446,430,1062,505,447,410,1062,570,483,500,1062,570,498,580,1062,399,483,370,1062,399,490,450
07-12-2025,17:26:45,1062,498,452,570,1062,498,449,540,1062,563,480,610,1062,563,485,580,1062,392,479,370,1062,392,486,360
07-12-2025,17:26:45,1064,499,444,430,1064,499,445,440,1064,563,488,520,1064,563,479,490,1064,393,470,370,1064,393,492,360
07-12-2025,17:26:46,1064,499,457,540,1064,499,449,430,1064,563,489,510,1064,563,504,580,1064,393,499,450,1064,393,482,440
07-12-2025,17:26:46,1064,499,441,550,1064,499,451,560,1064,563,494,610,1064,563,492,610,1064,393,472,430,1064,393,483,330
07-12-2025,17:26:47,1066,499,446,470,1066,499,446,480,1066,563,487,650,1066,563,493,550,1066,393,494,360,1066,393,493,460
07-12-2025,17:26:47,1065,499,464,480,1065,499,470,440,1065,563,493,520,1065,563,493,520,1065,393,514,350,1065,393,510,390
07-12-2025,17:26:48,1067,506,446,490,1067,506,460,530,1067,571,487,520,1067,571,485,590,1067,400,484,430,1067,400,501,430
07-12-2025,17:26:48,1067,499,447,560,1067,499,450,530,1067,564,481,620,1067,564,504,610,1067,393,493,350,1067,393,490,400
07-12-2025,17:26:49,1069,500,455,520,1069,500,454,460,1069,564,494,500,1069,564,499,580,1069,393,495,360,1069,393,499,360
07-12-2025,17:26:49,1069,500,464,560,1069,500,450,510,1069,564,495,570,1069,564,492,550,1069,393,499,370,1069,393,500,410
07-12-2025,17:26:50,1071,500,450,560,1071,500,456,550,1071,564,491,500,1071,564,489,460,1071,393,490,350,1071,393,489,340
07-12-2025,17:26:50,1071,500,456,560,1071,500,455,550,1071,564,494,530,1071,564,495,630,1071,394,497,360,1071,394,488,360
07-12-2025,17:26:51,1071,500,451,450,1071,500,455,470,1071,564,499,620,1071,564,491,550,1071,394,503,430,1071,394,481,410
07-12-2025,17:26:51,1072,500,459,440,1072,500,457,460,1072,564,502,530,1072,564,510,640,1072,394,479,370,1072,394,496,450
07-12-2025,17:26:52,1072,500,462,440,1072,500,461,440,1072,564,500,510,1072,564,502,490,1072,394,504,380,1072,394,499,360
07-12-2025,17:26:52,1074,508,468,490,1074,508,450,550,1074,571,499,510,1074,571,478,470,1074,401,483,390,1074,401,496,370
07-12-2025,17:26:53,1073,501,459,490,1073,501,459,560,1073,565,508,560,1073,565,500,640,1073,394,499,390,1073,394,504,370
07-12-2025,17:26:53,1075,501,448,420,1075,501,454,440,1075,565,506,630,1075,565,482,530,1075,394,506,330,1075,394,507,460
07-12-2025,17:26:54,1075,501,452,510,1075,501,460,520,1075,565,486,520,1075,565,492,550,1075,394,510,360,1075,394,500,420
07-12-2025,17:26:54,1077,501,471,460,1077,501,464,450,1077,565,505,610,1077,565,480,600,1077,394,492,330,1077,394,495,340
07-12-2025,17:26:55,1077,501,457,550,1077,501,463,580,1077,565,482,550,1077,565,506,670,1077,394,503,430,1077,394,493,340
07-12-2025,17:26:55,1079,501,448,440,1079,501,456,440,1079,565,502,510,1079,565,503,520,1079,395,501,380,1079,395,498,450
07-12-2025,17:26:56,1079,501,459,580,1079,501,456,560,1079,565,503,570,1079,565,498,610,1079,395,518,440,1079,395,501,330
07-12-2025,17:26:56,1081,502,469,460,1081,502,464,450,1081,565,500,530,1081,565,504,510,1081,395,500,350,1081,395,506,350
07-12-2025,17:26:57,1080,502,457,420,1080,502,470,440,1080,565,511,540,1080,565,499,530,1080,395,512,400,1080,395,499,440
07-12-2025,17:26:57,1082,502,457,550,1082,502,470,550,1082,566,501,530,1082,566,513,560,1082,395,518,450,1082,395,500,330
07-12-2025,17:26:58,1082,502,480,540,1082,502,471,560,1082,566,505,500,1082,566,517,640,1082,395,508,340,1082,395,516,410
07-12-2025,17:26:58,1082,502,467,470,1082,502,468,460,1082,566,499,520,1082,566,492,570,1082,395,493,450,1082,395,500,310
07-12-2025,17:26:59,1084,502,488,450,1084,502,469,430,1084,566,529,520,1084,566,521,580,1084,395,513,330,1084,395,508,310
07-12-2025,17:26:59,1086,503,462,480,1086,503,462,460,1086,566,496,610,1086,566,503,500,1086,395,518,370,1086,395,509,460
07-12-2025,17:27:00,1085,503,480,480,1085,503,473,480,1085,566,504,570,1085,566,488,490,1085,396,515,370,1085,396,523,420
07-12-2025,17:27:00,1085,503,471,450,1085,503,448,470,1085,566,488,630,1085,566,473,470,1085,396,500,380,1085,396,517,370
07-12-2025,17:27:01,1087,503,483,470,1087,503,470,470,1087,566,507,510,1087,566,506,540,1087,396,502,450,1087,396,512,420
07-12-2025,17:27:01,1086,503,466,440,1086,503,476,440,1086,566,515,570,1086,566,506,580,1086,396,508,440,1086,396,488,410
07-12-2025,17:27:02,1088,503,463,450,1088,503,464,460,1088,567,514,530,1088,567,520,530,1088,396,508,350,1088,396,508,460
07-12-2025,17:27:02,1088,503,469,560,1088,503,467,550,1088,567,506,610,1088,567,509,580,1088,396,520,360,1088,396,501,400
07-12-2025,17:27:03,1090,504,474,440,1090,504,456,450,1090,567,507,600,1090,567,531,600,1090,396,513,440,1090,396,509,380
07-12-2025,17:27:03,1092,511,481,460,1092,511,491,480,1092,574,498,620,1092,574,497,520,1092,403,508,420,1092,403,510,350
07-12-2025,17:27:04,1092,504,476,570,1092,504,483,560,1092,567,508,510,1092,567,524,480,1092,396,504,380,1092,396,506,440
07-12-2025,17:27:04,1091,504,474,420,1091,504,473,440,1091,567,499,510,1091,567,495,480,1091,397,500,450,1091,397,510,400
07-12-2025,17:27:05,1093,504,470,480,1093,504,468,520,1093,567,518,520,1093,567,528,470,1093,397,504,350,1093,397,498,450
07-12-2025,17:27:05,1093,504,487,550,1093,504,462,520,1093,567,506,520,1093,567,504,510,1093,397,511,430,1093,397,494,370
07-12-2025,17:27:06,1094,504,469,470,1094,504,462,490,1094,567,521,560,1094,567,541,620,1094,397,522,390,1094,397,513,390
07-12-2025,17:27:06,1096,512,474,450,1096,512,483,450,1096,575,514,560,1096,575,520,540,1096,404,521,340,1096,404,517,420
07-12-2025,17:27:07,1096,505,483,420,1096,505,482,440,1096,568,513,580,1096,568,511,570,1096,397,511,370,1096,397,525,410
07-12-2025,17:27:07,1096,505,475,480,1096,505,481,540,1096,568,520,550,1096,568,519,520,1096,397,528,420,1096,397,519,350
07-12-2025,17:27:08,1098,505,476,460,1098,505,492,510,1098,568,536,540,1098,568,517,630,1098,397,525,420,1098,397,521,360
07-12-2025,17:27:08,1098,505,476,480,1098,505,482,480,1098,568,493,600,1098,568,507,530,1098,397,523,400,1098,397,524,390
07-12-2025,17:27:09,1100,505,465,470,1100,505,476,440,1100,568,521,600,1100,568,521,540,1100,398,516,340,1100,398,517,420
07-12-2025,17:27:09,1099,506,480,470,1099,506,469,440,1099,568,529,550,1099,568,527,530,1099,398,521,340,1099,398,519,410
07-12-2025,17:27:10,1101,513,487,430,1101,513,478,440,1101,575,510,560,1101,575,523,590,1101,405,532,440,1101,405,509,350
07-12-2025,17:27:10,1101,506,479,500,1101,506,480,450,1101,569,515,630,1101,569,507,650,1101,398,523,400,1101,398,528,340
07-12-2025,17:27:11,1102,506,486,460,1102,506,492,440,1102,569,538,630,1102,569,536,640,1102,398,533,390,1102,398,518,380
07-12-2025,17:27:11,1102,506,497,430,1102,506,487,460,1102,569,509,600,1102,569,494,560,1102,398,525,440,1102,398,532,370
07-12-2025,17:27:12,1104,506,484,440,1104,506,482,440,1104,569,523,630,1104,569,522,620,1104,398,520,450,1104,398,525,330
07-12-2025,17:27:12,1104,506,483,430,1104,506,481,480,1104,569,523,630,1104,569,518,620,1104,398,513,450,1104,398,525,340
07-12-2025,17:27:13,1104,507,480,560,1104,507,477,570,1104,569,537,580,1104,569,520,530,1104,398,512,380,1104,398,516,380
07-12-2025,17:27:13,1108,507,483,450,1108,507,482,480,1108,569,517,520,1108,569,517,450,1108,399,526,350,1108,399,511,460
07-12-2025,17:27:14,1108,507,496,480,1108,507,493,550,1108,569,541,630,1108,569,536,620,1108,399,536,440,1108,399,540,340
07-12-2025,17:27:14,1107,507,491,440,1107,507,486,450,1107,569,501,600,1107,569,497,450,1107,399,517,340,1107,399,531,450
07-12-2025,17:27:15,1109,507,499,470,1109,507,494,540,1109,570,533,570,1109,570,525,460,1109,399,526,350,1109,399,526,430
07-12-2025,17:27:15,1109,507,491,500,1109,507,494,430,1109,570,521,500,1109,570,540,590,1109,399,513,430,1109,399,518,330
07-12-2025,17:27:16,1108,507,492,510,1108,507,484,440,1108,570,528,640,1108,570,548,520,1108,399,520,340,1108,399,530,450
07-12-2025,17:27:16,1110,508,479,570,1110,508,482,570,1110,570,527,530,1110,570,521,570,1110,399,531,460,1110,399,523,340
07-12-2025,17:27:17,1110,508,497,430,1110,508,499,460,1110,570,530,530,1110,570,518,510,1110,399,534,330,1110,399,519,440
07-12-2025,17:27:17,1112,508,476,540,1112,508,500,510,1112,570,530,600,1112,570,544,670,1112,399,541,430,1112,399,530,320
07-12-2025,17:27:18,1114,508,484,520,1114,508,499,460,1114,570,518,510,1114,570,529,490,1114,400,542,340,1114,400,535,440
07-12-2025,17:27:18,1114,508,496,550,1114,508,491,450,1114,570,536,530,1114,570,530,590,1114,400,532,360,1114,400,523,360
07-12-2025,17:27:19,1116,508,499,420,1116,508,496,450,1116,571,515,600,1116,571,546,590,1116,400,522,450,1116,400,533,360
07-12-2025,17:27:19,1115,509,492,450,1115,509,483,460,1115,571,531,520,1115,571,524,510,1115,400,533,450,1115,400,518,350
07-12-2025,17:27:20,1117,509,495,490,1117,509,500,430,1117,571,520,500,1117,571,515,600,1117,400,509,360,1117,400,533,440
07-12-2025,17:27:20,1116,509,505,510,1116,509,491,520,1116,571,557,590,1116,571,547,610,1116,400,525,360,1116,400,541,450
07-12-2025,17:27:21,1116,509,485,540,1116,509,498,550,1116,571,534,590,1116,571,534,450,1116,400,548,350,1116,400,541,460
07-12-2025,17:27:21,1118,509,483,490,1118,509,497,560,1118,571,523,550,1118,571,521,540,1118,400,528,370,1118,400,538,460
07-12-2025,17:27:22,1120,509,483,450,1120,509,504,440,1120,571,541,620,1120,571,537,550,1120,400,538,390,1120,400,549,360
07-12-2025,17:27:22,1120,509,493,450,1120,509,505,510,1120,571,527,590,1120,571,524,470,1120,400,527,410,1120,400,544,430
07-12-2025,17:27:23,1122,510,492,490,1122,510,483,450,1122,571,539,600,1122,571,544,550,1122,401,533,380,1122,401,529,410
07-12-2025,17:27:23,1122,510,491,440,1122,510,486,460,1122,572,543,620,1122,572,554,490,1122,401,533,350,1122,401,524,390
07-12-2025,17:27:24,1123,517,495,500,1123,517,493,550,1123,579,523,600,1123,579,527,480,1123,408,542,400,1123,408,541,350
07-12-2025,17:27:24,1123,510,490,590,1123,510,513,520,1123,572,523,590,1123,572,512,510,1123,401,551,450,1123,401,545,360
07-12-2025,17:27:25,1123,510,488,440,1123,510,496,570,1123,572,552,580,1123,572,537,640,1123,401,538,360,1123,401,538,350
07-12-2025,17:27:25,1124,510,502,540,1124,510,508,470,1124,572,524,540,1124,572,541,550,1124,401,530,380,1124,401,556,470
07-12-2025,17:27:26,1126,517,505,460,1126,517,498,460,1126,579,545,510,1126,579,552,550,1126,408,553,420,1126,408,562,350
07-12-2025,17:27:26,1126,511,508,550,1126,511,512,460,1126,572,544,630,1126,572,541,640,1126,401,537,350,1126,401,533,380
07-12-2025,17:27:27,1128,511,513,520,1128,511,518,570,1128,572,534,610,1128,572,538,540,1128,402,549,440,1128,402,550,370
07-12-2025,17:27:27,1128,511,508,480,1128,511,493,520,1128,572,542,530,1128,572,539,650,1128,402,544,340,1128,402,536,350
07-12-2025,17:27:28,1128,511,501,460,1128,511,493,500,1128,573,531,570,1128,573,542,480,1128,402,528,350,1128,402,551,440
07-12-2025,17:27:28,1129,511,503,510,1129,511,503,450,1129,573,552,540,1129,573,527,470,1129,402,549,460,1129,402,543,410
07-12-2025,17:27:29,1131,511,509,560,1131,511,502,520,1131,573,534,610,1131,573,546,600,1131,402,550,390,1131,402,549,460
07-12-2025,17:27:29,1131,512,504,550,1131,512,508,460,1131,573,547,530,1131,573,544,600,1131,402,545,360,1131,402,536,400
07-12-2025,17:27:30,1132,512,502,560,1132,512,504,540,1132,573,548,560,1132,573,535,510,1132,402,545,400,1132,402,542,340
07-12-2025,17:27:30,1132,512,506,560,1132,512,514,550,1132,573,538,520,1132,573,546,560,1132,402,529,370,1132,402,542,320
07-12-2025,17:27:31,1132,512,509,560,1132,512,504,550,1132,573,549,520,1132,573,546,600,1132,402,553,340,1132,402,555,390
07-12-2025,17:27:31,1134,512,512,530,1134,512,507,570,1134,573,550,590,1134,573,555,550,1134,403,556,400,1134,403,545,460
07-12-2025,17:27:32,1135,519,514,540,1135,519,513,450,1135,580,554,540,1135,580,554,620,1135,410,564,360,1135,410,549,420
07-12-2025,17:27:32,1135,513,508,490,1135,513,507,550,1135,574,555,500,1135,574,543,550,1135,403,552,410,1135,403,552,410
07-12-2025,17:27:33,1137,513,506,540,1137,513,520,550,1137,574,547,630,1137,574,548,530,1137,403,532,360,1137,403,547,330
07-12-2025,17:27:33,1137,513,518,490,1137,513,505,450,1137,574,541,520,1137,574,561,590,1137,403,557,380,1137,403,541,440
07-12-2025,17:27:34,1139,513,505,460,1139,513,510,550,1139,574,535,530,1139,574,521,550,1139,403,544,460,1139,403,561,400
07-12-2025,17:27:34,1138,513,496,570,1138,513,504,480,1138,574,560,540,1138,574,555,540,1138,403,561,380,1138,403,562,350
07-12-2025,17:27:35,1140,513,510,470,1140,513,511,450,1140,574,550,580,1140,574,553,660,1140,403,536,440,1140,403,563,470
07-12-2025,17:27:35,1140,514,519,460,1140,514,513,500,1140,574,548,510,1140,574,548,510,1140,404,544,390,1140,404,562,380
07-12-2025,17:27:36,1142,514,519,550,1142,514,516,470,1142,574,542,540,1142,574,558,530,1142,404,548,340,1142,404,561,440
07-12-2025,17:27:36,1141,514,505,470,1141,514,510,570,1141,575,545,600,1141,575,543,530,1141,404,544,360,1141,404,555,370
07-12-2025,17:27:37,1143,514,528,450,1143,514,521,520,1143,575,580,500,1143,575,566,660,1143,404,553,450,1143,404,550,360
07-12-2025,17:27:37,1145,521,528,470,1145,521,516,460,1145,582,566,540,1145,582,558,590,1145,411,557,430,1145,411,565,450
07-12-2025,17:27:38,1144,514,513,470,1144,514,519,470,1144,575,552,510,1144,575,550,530,1144,404,580,420,1144,404,571,420
07-12-2025,17:27:38,1144,514,511,530,1144,514,529,460,1144,575,560,580,1144,575,562,570,1144,404,584,370,1144,404,559,410
07-12-2025,17:27:39,1146,515,507,560,1146,515,536,470,1146,575,541,640,1146,575,549,480,1146,404,559,380,1146,404,563,450
07-12-2025,17:27:39,1146,515,521,530,1146,515,524,550,1146,575,557,610,1146,575,545,510,1146,404,555,360,1146,404,563,400
07-12-2025,17:27:40,1148,515,520,460,1148,515,518,540,1148,575,540,490,1148,575,554,640,1148,405,546,410,1148,405,548,360
07-12-2025,17:27:40,1149,515,514,470,1149,515,530,470,1149,576,557,550,1149,576,556,600,1149,405,571,450,1149,405,573,370
07-12-2025,17:27:41,1149,515,507,460,1149,515,515,460,1149,576,574,550,1149,576,562,580,1149,405,582,430,1149,405,568,360
07-12-2025,17:27:41,1151,515,520,470,1151,515,515,470,1151,576,566,550,1151,576,547,490,1151,405,557,450,1151,405,571,430
07-12-2025,17:27:42,1151,516,541,440,1151,516,528,490,1151,576,556,630,1151,576,551,570,1151,405,559,440,1151,405,563,350
07-12-2025,17:27:42,1150,516,525,500,1150,516,528,560,1150,576,571,610,1150,576,572,630,1150,405,566,350,1150,405,570,370
07-12-2025,17:27:43,1152,516,521,560,1152,516,530,510,1152,576,553,510,1152,576,567,480,1152,405,564,370,1152,405,578,460
07-12-2025,17:27:43,1152,516,514,460,1152,516,531,470,1152,576,569,500,1152,576,571,570,1152,405,576,390,1152,405,565,340
07-12-2025,17:27:44,1153,516,525,460,1153,516,526,570,1153,576,566,640,1153,576,569,590,1153,405,569,360,1153,405,573,410
07-12-2025,17:27:44,1153,516,537,580,1153,516,527,460,1153,576,555,530,1153,576,558,490,1153,406,568,440,1153,406,566,390
07-12-2025,17:27:45,1155,517,523,520,1155,517,513,440,1155,577,555,530,1155,577,549,590,1155,406,561,460,1155,406,564,350
07-12-2025,17:27:45,1157,517,521,450,1157,517,516,470,1157,577,567,520,1157,577,577,580,1157,406,570,350,1157,406,558,380
07-12-2025,17:27:46,1157,517,541,580,1157,517,528,460,1157,577,565,530,1157,577,572,550,1157,406,542,420,1157,406,566,450
07-12-2025,17:27:46,1158,517,535,450,1158,517,529,510,1158,577,584,550,1158,577,576,600,1158,406,565,380,1158,406,566,350
07-12-2025,17:27:47,1158,517,523,560,1158,517,543,460,1158,577,559,550,1158,577,560,480,1158,406,566,420,1158,406,568,390
07-12-2025,17:27:47,1160,517,530,470,1160,517,524,520,1160,577,560,550,1160,577,578,640,1160,406,565,360,1160,406,560,360
07-12-2025,17:27:48,1159,518,516,510,1159,518,526,460,1159,577,562,610,1159,577,573,530,1159,406,571,380,1159,406,561,350
07-12-2025,17:27:48,1161,518,526,550,1161,518,522,470,1161,578,567,550,1161,578,565,530,1161,407,571,440,1161,407,556,370
07-12-2025,17:27:49,1163,518,539,500,1163,518,520,450,1163,578,565,510,1163,578,570,520,1163,407,573,400,1163,407,566,360
07-12-2025,17:27:49,1162,518,528,520,1162,518,536,460,1162,578,566,520,1162,578,576,620,1162,407,560,420,1162,407,571,360
07-12-2025,17:27:50,1164,518,527,560,1164,518,533,490,1164,578,572,540,1164,578,576,570,1164,407,574,440,1164,407,579,430
07-12-2025,17:27:50,1164,518,524,540,1164,518,523,530,1164,578,567,600,1164,578,586,550,1164,407,570,450,1164,407,589,410
07-12-2025,17:27:51,1166,518,519,490,1166,518,538,580,1166,578,573,610,1166,578,574,570,1166,407,560,430,1166,407,576,460
07-12-2025,17:27:51,1165,519,535,480,1165,519,538,570,1165,578,571,550,1165,578,567,480,1165,407,577,450,1165,407,568,460
07-12-2025,17:27:52,1167,526,532,530,1167,526,535,560,1167,585,566,530,1167,585,582,550,1167,414,573,440,1167,414,580,430
07-12-2025,17:27:52,1167,519,533,470,1167,519,527,560,1167,579,569,570,1167,579,568,500,1167,408,578,460,1167,408,592,420
07-12-2025,17:27:53,1169,519,540,550,1169,519,534,450,1169,579,580,540,1169,579,563,460,1169,408,580,390,1169,408,597,350
07-12-2025,17:27:53,1171,519,544,460,1171,519,535,520,1171,579,580,570,1171,579,597,490,1171,408,573,370,1171,408,579,350
07-12-2025,17:27:54,1170,519,542,560,1170,519,550,480,1170,579,574,520,1170,579,567,550,1170,408,580,350,1170,408,585,360
07-12-2025,17:27:54,1170,520,554,470,1170,520,528,460,1170,579,581,600,1170,579,579,580,1170,408,578,440,1170,408,573,470
07-12-2025,17:27:55,1172,520,551,490,1172,520,546,560,1172,579,585,530,1172,579,595,550,1172,408,583,360,1172,408,577,360
07-12-2025,17:27:55,1171,520,541,550,1171,520,550,460,1171,579,567,520,1171,579,584,640,1171,408,585,410,1171,408,569,450
07-12-2025,17:27:56,1173,520,547,450,1173,520,547,560,1173,579,594,610,1173,579,567,500,1173,408,594,390,1173,408,571,370
07-12-2025,17:27:56,1173,520,536,580,1173,520,560,550,1173,580,583,540,1173,580,587,620,1173,408,578,370,1173,408,582,380
07-12-2025,17:27:57,1174,520,545,570,1174,520,543,450,1174,580,592,570,1174,580,587,600,1174,409,578,430,1174,409,568,390
07-12-2025,17:27:57,1176,521,536,460,1176,521,545,570,1176,580,586,630,1176,580,589,550,1176,409,568,400,1176,409,572,420
07-12-2025,17:27:58,1176,521,541,530,1176,521,536,520,1176,580,599,590,1176,580,601,580,1176,409,577,350,1176,409,581,320
07-12-2025,17:27:58,1177,521,538,490,1177,521,541,490,1177,580,583,610,1177,580,600,650,1177,409,588,350,1177,409,589,360
07-12-2025,17:27:59,1177,521,557,480,1177,521,558,500,1177,580,588,580,1177,580,579,570,1177,409,589,350,1177,409,584,360
07-12-2025,17:27:59,1179,521,552,530,1179,521,541,510,1179,580,587,580,1179,580,589,660,1179,409,606,370,1179,409,597,370
07-12-2025,17:28:00,1179,521,552,520,1179,521,546,510,1179,580,582,510,1179,580,591,590,1179,409,581,350,1179,409,602,390
07-12-2025,17:28:00,1180,522,552,570,1180,522,542,470,1180,580,588,560,1180,580,577,570,1180,409,600,370,1180,409,583,390
07-12-2025,17:28:01,1182,529,542,550,1182,529,546,550,1182,587,586,600,1182,587,593,570,1182,416,603,350,1182,416,600,340
07-12-2025,17:28:01,1182,522,533,450,1182,522,551,530,1182,581,587,600,1182,581,583,490,1182,410,602,420,1182,410,611,380
07-12-2025,17:28:02,1184,522,546,480,1184,522,546,470,1184,581,583,620,1184,581,574,490,1184,410,594,360,1184,410,589,360
07-12-2025,17:28:02,1183,522,544,560,1183,522,546,460,1183,581,591,570,1183,581,585,550,1183,410,589,450,1183,410,604,390
07-12-2025,17:28:03,1185,523,559,550,1185,523,537,560,1185,581,590,600,1185,581,570,550,1185,410,588,420,1185,410,591,400
07-12-2025,17:28:03,1185,523,546,510,1185,523,539,480,1185,581,584,560,1185,581,588,540,1185,410,593,370,1185,410,592,410
07-12-2025,17:28:04,1187,530,556,460,1187,530,560,510,1187,588,594,620,1187,588,607,680,1187,417,575,360,1187,417,574,390
07-12-2025,17:28:04,1186,523,565,560,1186,523,545,460,1186,581,604,600,1186,581,584,620,1186,410,576,450,1186,410,597,450
07-12-2025,17:28:05,1188,523,560,460,1188,523,547,550,1188,582,588,540,1188,582,588,580,1188,411,592,360,1188,411,580,360
07-12-2025,17:28:05,1189,523,558,560,1189,523,546,460,1189,582,586,620,1189,582,607,610,1189,411,579,360,1189,411,579,440
07-12-2025,17:28:06,1189,524,558,450,1189,524,547,530,1189,582,591,550,1189,582,588,550,1189,411,587,410,1189,411,593,450
07-12-2025,17:28:06,1188,524,556,520,1188,524,546,530,1188,582,587,610,1188,582,604,650,1188,411,589,370,1188,411,607,440
07-12-2025,17:28:07,1190,524,551,480,1190,524,561,520,1190,582,603,550,1190,582,590,510,1190,411,613,460,1190,411,602,450
07-12-2025,17:28:07,1192,524,562,450,1192,524,554,550,1192,582,585,570,1192,582,597,580,1192,411,587,370,1192,411,581,390
07-12-2025,17:28:08,1191,524,554,490,1191,524,551,540,1191,582,599,540,1191,582,591,570,1191,411,602,380,1191,411,598,430
07-12-2025,17:28:08,1193,531,557,480,1193,531,557,470,1193,589,602,560,1193,589,592,600,1193,418,585,360,1193,418,607,390
07-12-2025,17:28:09,1193,525,565,520,1193,525,551,510,1193,583,594,610,1193,583,605,570,1193,412,600,370,1193,412,599,440
07-12-2025,17:28:09,1197,525,558,550,1197,525,552,470,1197,583,583,560,1197,583,605,550,1197,412,599,370,1197,412,605,450
07-12-2025,17:28:10,1197,525,577,560,1197,525,564,470,1197,583,599,540,1197,583,596,640,1197,412,608,380,1197,412,601,350
07-12-2025,17:28:10,1197,525,557,570,1197,525,561,490,1197,583,600,620,1197,583,616,650,1197,412,605,370,1197,412,599,370
07-12-2025,17:28:11,1198,525,558,520,1198,525,560,590,1198,583,592,630,1198,583,590,540,1198,412,615,410,1198,412,620,370
07-12-2025,17:28:11,1198,525,560,450,1198,525,573,550,1198,583,611,630,1198,583,597,570,1198,412,595,360,1198,412,580,370
07-12-2025,17:28:12,1200,526,553,490,1200,526,559,540,1200,584,589,530,1200,584,605,690,1200,412,587,360,1200,412,599,420
07-12-2025,17:28:12,1199,526,556,470,1199,526,581,470,1199,584,610,560,1199,584,612,480,1199,412,604,380,1199,412,601,350
07-12-2025,17:28:13,1201,526,565,570,1201,526,560,520,1201,584,597,600,1201,584,598,590,1201,413,594,440,1201,413,604,400
07-12-2025,17:28:13,1201,526,570,470,1201,526,564,560,1201,584,613,620,1201,584,603,520,1201,413,602,380,1201,413,601,460
07-12-2025,17:28:14,1204,526,569,470,1204,526,563,480,1204,584,600,570,1204,584,610,570,1204,413,598,460,1204,413,609,380
07-12-2025,17:28:14,1204,526,573,530,1204,526,566,520,1204,584,606,600,1204,584,612,510,1204,413,608,380,1204,413,602,380
07-12-2025,17:28:15,1205,527,568,530,1205,527,567,460,1205,584,613,530,1205,584,604,560,1205,413,613,410,1205,413,625,450
07-12-2025,17:28:15,1205,527,562,460,1205,527,573,530,1205,584,604,620,1205,584,605,590,1205,413,604,420,1205,413,622,360
07-12-2025,17:28:16,1207,534,562,540,1207,534,581,510,1207,591,602,530,1207,591,597,560,1207,420,605,440,1207,420,606,390
07-12-2025,17:28:16,1206,527,575,470,1206,527,566,480,1206,585,599,550,1206,585,601,480,1206,413,611,360,1206,413,601,420
07-12-2025,17:28:17,1208,534,559,460,1208,534,572,570,1208,591,612,610,1208,591,627,570,1208,420,611,390,1208,420,606,460
07-12-2025,17:28:17,1207,527,574,550,1207,527,581,490,1207,585,617,580,1207,585,597,490,1207,414,607,430,1207,414,598,380
07-12-2025,17:28:18,1209,528,561,480,1209,528,581,470,1209,585,621,520,1209,585,608,650,1209,414,599,450,1209,414,618,380
07-12-2025,17:28:18,1211,534,580,450,1211,534,573,550,1211,592,618,530,1211,592,609,590,1211,421,596,440,1211,421,607,380
07-12-2025,17:28:19,1211,528,559,470,1211,528,563,550,1211,585,612,620,1211,585,616,550,1211,414,610,430,1211,414,604,340
07-12-2025,17:28:19,1212,535,574,440,1212,535,589,550,1212,592,598,580,1212,592,609,630,1212,421,616,440,1212,421,616,340
07-12-2025,17:28:20,1212,528,572,480,1212,528,567,490,1212,586,613,590,1212,586,606,570,1212,414,597,430,1212,414,624,420
07-12-2025,17:28:20,1213,535,573,490,1213,535,572,470,1213,592,607,550,1213,592,608,660,1213,421,618,360,1213,421,601,440
07-12-2025,17:28:21,1213,529,570,530,1213,529,575,470,1213,586,602,530,1213,586,596,640,1213,415,624,420,1213,415,612,430
07-12-2025,17:28:21,1215,529,564,570,1215,529,578,480,1215,586,619,580,1215,586,585,530,1215,415,610,450,1215,415,600,370
07-12-2025,17:28:22,1215,529,571,540,1215,529,567,530,1215,586,622,630,1215,586,608,600,1215,415,623,430,1215,415,610,450
07-12-2025,17:28:22,1216,529,573,490,1216,529,578,560,1216,586,609,640,1216,586,603,640,1216,415,604,370,1216,415,608,440
07-12-2025,17:28:23,1216,529,592,450,1216,529,607,510,1216,586,615,550,1216,586,612,690,1216,415,616,440,1216,415,622,370
07-12-2025,17:28:23,1218,530,573,550,1218,530,580,460,1218,587,628,540,1218,587,623,680,1218,415,628,400,1218,415,618,410
07-12-2025,17:28:24,1220,530,587,480,1220,530,586,580,1220,587,610,620,1220,587,618,500,1220,415,612,430,1220,415,621,360
07-12-2025,17:28:24,1219,530,575,580,1219,530,588,480,1219,587,610,530,1219,587,625,560,1219,416,629,370,1219,416,622,460
07-12-2025,17:28:25,1221,530,583,500,1221,530,587,570,1221,587,615,610,1221,587,630,610,1221,416,606,390,1221,416,605,360
07-12-2025,17:28:25,1221,530,581,550,1221,530,590,500,1221,587,614,520,1221,587,621,650,1221,416,605,430,1221,416,627,380
07-12-2025,17:28:26,1222,530,581,490,1222,530,571,530,1222,587,628,600,1222,587,604,490,1222,416,620,360,1222,416,615,440
07-12-2025,17:28:26,1224,531,576,570,1224,531,587,480,1224,587,616,520,1224,587,642,660,1224,416,624,450,1224,416,620,390
07-12-2025,17:28:27,1224,531,584,550,1224,531,579,480,1224,587,612,590,1224,587,626,520,1224,416,610,430,1224,416,631,350
07-12-2025,17:28:27,1227,538,577,480,1227,538,574,560,1227,594,615,630,1227,594,615,590,1227,423,610,410,1227,423,623,390
